{
  "name": "姐",
  "template": [
    -196.8117701212565,
    119.9026247660319,
    -304.7038981119792,
    -97.46439139048259,
    70.42830085754395,
    44.376095136006676,
    41.486788749694824,
    101.56714884440105,
    -20.832056681315105,
    32.92627970377604,
    -40.98509534200033,
    -4.481928497552872,
    25.681057929992676,
    30.60050694147746,
    7.996199528376262,
    44.60062217712402,
    -24.00741132100423,
    23.509666283925373,
    -38.12534046173096,
    -6.257545292377472,
    4.508333553870519,
    14.587866942087809,
    -3.5444369316101074,
    13.317081769307455,
    -15.854931831359863,
    13.775708039601644,
    -24.580737908681233,
    -5.358301440874736,
    -4.710768461227417,
    13.769713560740152,
    -12.960663080215454,
    4.841729452212651,
    -10.979453245798746,
    12.294830481211344,
    -19.14846388498942,
    -1.4448919743299484,
    -1.395530139406522,
    9.229081471761068,
    -6.5132341384887695,
    4.328010256091754,
    -7.29224173227946,
    8.644509156545004,
    -12.699174880981445,
    -1.2874447504679363,
    -5.155006165305774,
    8.910228490829468,
    -10.558027903238932,
    0.9143166144688925,
    -4.635205348332723,
    8.007248957951864,
    -9.371764500935873,
    0.5519100626309713,
    -3.8329144741098085,
    7.4241517384847,
    -8.395756959915161,
    1.5331677397092183,
    -6.43772832552592,
    7.547016143798828,
    -11.508124192555746,
    -0.8529789547125498,
    -4.5217101375261946,
    6.800307909647624,
    -8.22209103902181,
    -0.25451624393463135,
    -6.255324085553487,
    7.089346090952556,
    -10.245505968729654,
    -1.3396332263946533,
    -5.550370693206787,
    6.193545341491699,
    -9.815363804499308,
    -1.142070899407069,
    -5.527469952901204,
    6.588107665379842,
    -9.292082150777182,
    -1.1257955382267635,
    -2.4166737298170724,
    6.375092109044393,
    -6.03010372320811,
    0.8006300727526346,
    2028.6461594293444,
    722.1239060471945,
    3620.5246604294175,
    1150.7723992602039,
    1548.101508872136,
    327.5650072482611,
    0.17670311186051588,
    0.08496162009603682,
    153.10271100094894,
    42.26615295183101,
    3.9099999999999997
  ],
  "samples": [
    [
      -168.65512084960938,
      136.46861267089844,
      -306.6500244140625,
      -15.969560623168945,
      71.3861083984375,
      30.28120231628418,
      57.39866638183594,
      92.65275573730469,
      -25.30031967163086,
      35.53363037109375,
      -41.04407501220703,
      -14.88044548034668,
      21.574251174926758,
      14.307080268859863,
      9.062894821166992,
      29.29785919189453,
      -19.666624069213867,
      11.839143753051758,
      -28.60195541381836,
      -9.083112716674805,
      1.206099033355713,
      14.274949073791504,
      -3.192612648010254,
      10.976125717163086,
      -20.27518081665039,
      10.32001781463623,
      -29.943506240844727,
      -10.15123176574707,
      6.867948532104492,
      8.432262420654297,
      4.135725975036621,
      12.16537857055664,
      -5.825620651245117,
      11.68089771270752,
      -12.33987808227539,
      2.1345059871673584,
      2.1022021770477295,
      4.805920600891113,
      -0.47476959228515625,
      5.592076301574707,
      -2.016965866088867,
      5.2094340324401855,
      -4.525154113769531,
      1.964829683303833,
      -0.36714455485343933,
      5.871878623962402,
      -4.190625190734863,
      4.220719337463379,
      -11.0669527053833,
      8.026290893554688,
      -15.10029411315918,
      -6.091599464416504,
      0.2142321914434433,
      6.077291011810303,
      -4.644772052764893,
      5.179758071899414,
      -6.4730329513549805,
      8.217373847961426,
      -12.96554183959961,
      -0.9992099404335022,
      -7.801788330078125,
      9.63333797454834,
      -13.076616287231445,
      -1.7281004190444946,
      -3.4367988109588623,
      5.916026592254639,
      -8.246463775634766,
      1.1057908535003662,
      -2.429185390472412,
      4.786731243133545,
      -5.960879802703857,
      1.071006417274475,
      -6.1733479499816895,
      7.286261081695557,
      -11.160043716430664,
      -0.760469377040863,
      -0.9569770693778992,
      4.010894775390625,
      -3.3532874584198,
      1.0446784496307373,
      2186.760429161788,
      681.1167543470996,
      3955.8354591836733,
      1179.690721525124,
      1690.554321283077,
      336.02371606445917,
      0.1944953762755102,
      0.08787946289903545,
      103.71208404604586,
      20.301754997933,
      1.54
    ],
    [
      -152.80831909179688,
      145.2534942626953,
      -324.1562194824219,
      -23.851280212402344,
      65.3968734741211,
      39.85358428955078,
      33.729576110839844,
      100.31288146972656,
      -22.8817081451416,
      36.63739776611328,
      -45.10211181640625,
      -12.714632034301758,
      21.628067016601562,
      20.32600212097168,
      4.145753860473633,
      33.598018646240234,
      -26.324277877807617,
      15.578286170959473,
      -29.921714782714844,
      -15.605609893798828,
      0.9502593874931335,
      16.1319637298584,
      -9.343997955322266,
      10.278570175170898,
      -27.42982292175293,
      14.230125427246094,
      -37.163909912109375,
      -15.317079544067383,
      6.0240302085876465,
      12.684904098510742,
      -0.08600664138793945,
      14.442909240722656,
      -15.67440128326416,
      12.922100067138672,
      -24.32363510131836,
      -3.2755651473999023,
      2.1220576763153076,
      8.570464134216309,
      -4.565664291381836,
      7.0182576179504395,
      -7.218776226043701,
      7.32261323928833,
      -12.920623779296875,
      -1.8912827968597412,
      -7.057923793792725,
      7.747659206390381,
      -11.652229309082031,
      -1.0158329010009766,
      -5.467173099517822,
      7.779368877410889,
      -11.126361846923828,
      -0.9847865104675293,
      -4.356141090393066,
      6.080351829528809,
      -8.16069221496582,
      -0.7531179189682007,
      -7.334578037261963,
      7.335078716278076,
      -11.549103736877441,
      -1.7276157140731812,
      -6.219630241394043,
      6.520186901092529,
      -9.898977279663086,
      -2.7700462341308594,
      -7.596771717071533,
      6.964788913726807,
      -11.693500518798828,
      -3.048387289047241,
      -3.9855141639709473,
      4.447942733764648,
      -7.70694637298584,
      -0.8345091938972473,
      -6.934907913208008,
      6.758488655090332,
      -9.430907249450684,
      -2.4510555267333984,
      -2.0718319416046143,
      5.29127311706543,
      -5.517459869384766,
      1.2507929801940918,
      2213.7415087686295,
      783.7067184559374,
      3980.2295918367345,
      1187.05947081136,
      1644.7173236887245,
      315.90027696043785,
      0.20047433035714285,
      0.10032932782314707,
      115.1600233452596,
      22.374965955960352,
      1.54
    ],
    [
      -201.18064880371094,
      133.635986328125,
      -351.1244812011719,
      -108.26361846923828,
      72.1756362915039,
      51.62624740600586,
      35.486366271972656,
      119.58260345458984,
      -20.48003578186035,
      35.403316497802734,
      -39.147117614746094,
      0.9449635148048401,
      34.81935119628906,
      35.91133499145508,
      12.713038444519043,
      49.8664665222168,
      -29.858497619628906,
      27.874177932739258,
      -47.50933074951172,
      -4.696683406829834,
      9.290124893188477,
      16.07131576538086,
      0.3252474069595337,
      17.286590576171875,
      -11.813814163208008,
      15.936501502990723,
      -23.502456665039062,
      1.3848063945770264,
      -15.254390716552734,
      15.9785737991333,
      -26.021526336669922,
      -3.194788694381714,
      -10.65561580657959,
      12.385184288024902,
      -18.057218551635742,
      -1.4097836017608643,
      -3.0016915798187256,
      13.67951488494873,
      -8.877386093139648,
      4.130651473999023,
      -9.53195571899414,
