{
  "name": "爹",
  "template": [
    -210.44227600097656,
    131.35915247599283,
    -314.7575378417969,
    -118.18549092610677,
    80.6675287882487,
    41.73308404286703,
    52.88213793436686,
    104.58610280354817,
    -8.90844259162744,
    28.78712813059489,
    -29.166103998819988,
    10.80265220006307,
    38.86996841430664,
    31.34709930419922,
    19.23207672437032,
    57.21787897745768,
    -12.498025794823965,
    17.123318036397297,
    -24.272200107574463,
    0.8316972851753235,
    3.7822079062461853,
    15.942656517028809,
    -6.9853254954020185,
    13.884443283081055,
    -11.79094497859478,
    16.53368679682414,
    -23.453631083170574,
    0.8782591422398885,
    -1.3877647320429485,
    14.032210191090902,
    -9.69117255260547,
    7.6013418436050415,
    -9.745597660541534,
    13.414512475331625,
    -19.930266857147217,
    1.6377967496713002,
    -0.2545202175776164,
    10.234162171681723,
    -6.25081193447113,
    6.940114816029866,
    -6.483917633692424,
    9.347302993138632,
    -12.86936362584432,
    0.13770548502604166,
    0.5464264154434204,
    9.13741159439087,
    -3.8038642207781472,
    6.279630899429321,
    -7.423872321844101,
    9.37114953994751,
    -12.969601313273111,
    -1.1975533366203308,
    -0.004460503657658895,
    6.797318696975708,
    -4.081814805666606,
    4.40181760986646,
    -6.297458291053772,
    8.817785580952963,
    -10.837600628534952,
    -0.17900064090887705,
    -2.536254564921061,
    7.419760704040527,
    -6.823635856310527,
    2.628257304430008,
    -3.7003483598430953,
    6.230466604232788,
    -7.698145588239034,
    -0.1305651714404424,
    -4.755428592363994,
    6.384618600209554,
    -8.5062788327535,
    -0.5647173821926117,
    -4.837913791338603,
    7.2162861824035645,
    -9.317262172698975,
    0.16714109977086386,
    -4.404350280761719,
    6.00043801466624,
    -7.629221240679423,
    -0.49726690848668414,
    1800.0959954280913,
    734.2753699363028,
    3412.7030594513103,
    1117.6045663334346,
    1582.4323518887356,
    287.4320864798786,
    0.13584821195147742,
    0.08194961021390414,
    107.29888952742817,
    20.523109701286423,
    3.89
  ],
  "samples": [
    [
      -249.6920623779297,
      150.950927734375,
      -374.9702453613281,
      -208.0171661376953,
      83.86915588378906,
      25.295228958129883,
      75.59986877441406,
      96.45816040039062,
      -14.891913414001465,
      22.855966567993164,
      -23.107460021972656,
      2.8629701137542725,
      35.41828536987305,
      25.58453941345215,
      21.618873596191406,
      51.95224380493164,
      -0.762203574180603,
      11.004335403442383,
      -9.062982559204102,
      6.816164493560791,
      17.95537757873535,
      11.824782371520996,
      9.300168991088867,
      26.97494888305664,
      0.2719516456127167,
      17.672630310058594,
      -8.982316970825195,
      12.3247652053833,
      5.276785373687744,
      12.64406681060791,
      -0.8576511144638062,
      13.782123565673828,
      -1.3762348890304565,
      7.36464262008667,
      -5.470399856567383,
      2.4855222702026367,
      9.198986053466797,
      8.607991218566895,
      3.6226634979248047,
      15.273815155029297,
      -5.972291469573975,
      8.618376731872559,
      -9.53943920135498,
      -1.3292702436447144,
      7.461501121520996,
      8.829914093017578,
      4.4593377113342285,
      13.02267074584961,
      -5.462222576141357,
      9.741507530212402,
      -9.81908893585205,
      1.9676357507705688,
      6.180210590362549,
      5.18649959564209,
      2.3915843963623047,
      10.20891284942627,
      -0.5501959323883057,
      9.49108600616455,
      -3.309804916381836,
      5.313725471496582,
      -1.0175151824951172,
      7.452885627746582,
      -2.99700927734375,
      3.9591174125671387,
      -0.11800183355808258,
      5.66851282119751,
      -2.8958184719085693,
      1.6071027517318726,
      -1.9810250997543335,
      6.388793468475342,
      -5.932773113250732,
      2.4872851371765137,
      -3.7941513061523438,
      4.269888877868652,
      -6.8588480949401855,
      -1.4169926643371582,
      -1.7945809364318848,
      4.414028644561768,
      -3.6749613285064697,
      1.4622802734375,
      1697.3178072816177,
      748.2596592552557,
      3411.8923611111113,
      1184.2268760543416,
      1654.3611941741547,
      258.59371961669626,
      0.11949327256944445,
      0.07664241046933021,
      82.7831173115355,
      18.137785970076035,
      1.14
    ],
    [
      -263.9376220703125,
      98.23687744140625,
      -335.56805419921875,
      -201.72659301757812,
      85.5268783569336,
      36.915977478027344,
      62.75962448120117,
      88.92407989501953,
      -10.912195205688477,
      16.1134090423584,
      -19.746917724609375,
      -2.032158374786377,
      42.59114074707031,
      25.805395126342773,
      30.692825317382812,
      46.43184280395508,
      -5.570950508117676,
      10.645100593566895,
      -10.310397148132324,
      0.9683939218521118,
      10.074387550354004,
      9.0860013961792,
      6.004573822021484,
      15.830940246582031,
      -3.5007338523864746,
      10.084589958190918,
      -8.897071838378906,
      0.8581283092498779,
      -6.900927543640137,
      15.882652282714844,
      -14.986030578613281,
      3.6008925437927246,
      -4.342973709106445,
      7.945225238800049,
      -8.621733665466309,
      1.206179141998291,
      -1.467353343963623,
      9.96356201171875,
      -5.516201019287109,
      6.267068386077881,
      -4.109420299530029,
      7.542061805725098,
      -8.660091400146484,
      1.1582807302474976,
      1.7833634614944458,
      9.243477821350098,
      -0.554824709892273,
      7.358207702636719,
      -0.11725431680679321,
      6.692666053771973,
      -4.45271110534668,
      3.118332862854004,
      1.983487606048584,
      6.602189540863037,
      -0.26154017448425293,
      5.72645902633667,
      -2.6920342445373535,
      7.495266914367676,
      -6.4633049964904785,
      2.483436107635498,
      2.508368492126465,
      5.943952560424805,
      -1.1717250347137451,
      6.244680881500244,
      -3.621262788772583,
      6.126075267791748,
      -6.079845428466797,
      -0.7268742322921753,
      -1.1294773817062378,
      5.251607894897461,
      -4.328903675079346,
      1.9011937379837036,
      -7.940243721008301,
      6.852475166320801,
      -10.668323516845703,
      -2.982288360595703,
      -3.922029972076416,
      3.3787596225738525,
      -6.55859375,
      -1.5413167476654053,
      1791.1181512180258,
      533.2842614670448,
      3526.7310049019607,
      1086.2258906733105,
      1652.5000862993602,
      315.0353849392536,
      0.13395660998774508,
      0.052097325936832764,
      89.49413090410546,
      19.226824770166203,
      3.24
    ],
    [
      -200.54234313964844,
      144.1142578125,
      -306.01995849609375,
      -85.04385375976562,
      89.85237121582031,
      52.20265579223633,
      60.18721008300781,
      128.07162475585938,
      -1.6621718406677246,
      40.38398361206055,
      -34.570899963378906,
      27.76764488220215,
      34.58579635620117,
      36.069541931152344,
      14.679935455322266,
      54.434669494628906,
      -11.143329620361328,
      24.59804344177246,
      -28.27121925354004,
      8.299549102783203,
      4.242952346801758,
      18.401504516601562,
      -7.257674217224121,
      17.046497344970703,
      -13.954290390014648,
      20.308176040649414,
      -30.648706436157227,
      3.32373309135437,
      -5.94258975982666,
      16.537405014038086,
      -17.281850814819336,
      5.311891555786133,
      -19.471424102783203,
      19.552824020385742,
      -33.61510467529297,
      -2.2467200756073,
      3.466815710067749,
      13.522974967956543,
      -4.77974796295166,
      11.90783405303955,
      -12.398893356323242,
      11.92958927154541,
