{
  "选图": {
    "count": 3,
    "keywords": [
      "红鼠窝竞技场",
      "通力协作,在超大规模地图体验海陆空团队作战!",
      "AppVer:l.201.37112.74 ResVer:l.201.37112.48 LgcVer:l.201.37112.74.36",
      "S2ms",
      "鸿运当头",
      "热门活动",
      "选择干员,",
      "CN UI0:90328555083874131177_202606122131",
      "烽火地带",
      "开始游戏",
      "全面战场"
    ],
    "files": [
      "20260612_213203_选图.png",
      "20260612_213254_选图.png",
      "20260612_213257_选图.png"
    ]
  },
  "退出确认": {
    "count": 1,
    "keywords": [
      "入局提醒明细",
      "CN UI0:90328555083874131177_202606122153",
      "未携带异常清除,伤害救治药品",
      "确认配装",
      "S2ms"
    ],
    "files": [
      "20260612_215321_退出确认.png"
    ]
  },
  "游戏内": {
    "count": 10,
    "keywords": [
      "CN UI0:90328555083874131177_202606130951",
      "CN UI0:90328555083874131177_202606130945",
      "常规",
      "东区隧道",
      "车载急救包 |简易手术包 |001轻型",
      "UZI",
      "5.56*45",
      "06-1222:12",
      "转移全部",
      "0/25",
      "CN UI0:90328555083874131177_202606130941",
      "2/2",
      "高价值容器",
      "车载急救包 |车载急救包  车载急赦包",
      "返回大厅",
      "强效注射器 |内存条",
      "十604",
      "48",
      "撤离成功",
      "无糖能量棒",
      "34ms",
      "简易手术包 |斜挎包",
      "对局时间",
      "90",
      "缓释止痛片 |缓释止痛片 CAT止血带",
      "3Sms",
      "对局时长",
      "十908",
      "5.56X45",
      "骇客电脑",
      "图纸1号",
      "4Ims",
      "60",
      "简易手术包  简易手术包 | 简易手术包",
      "5.56x45",
      "604",
      "直角尺",
      "CN UI0:90328555083874131177_202606130953",
      "鼠标",
      "十60",
      "车载急救包",
      "三角洲",
      "Pg",
      "CAT止 血带 CAT止 血带 | 缓释止痛片",
      "装备价值",
      "战术匕首",
      "4/4",
      "零号大坝",
      "00:07:36",
      "上一步",
      "地图全貌",
      "胸挂",
      "3Bms",
      "0.3/70干克",
      "运动背包",
      "十90",
      "0/20",
      "Pst",
      "阿萨拉",
      "gxlgmm",
      "CN UI0:90328555083874131177_202606130944",
      "主变电站",
      "强效注射器 |车载急救包 | 缓释止痛片",
      "强效注射器 |简易手术包|车载急救包 |强效注射器",
      "撤离点",
      "1/1",
      "政辖区",
      "镜头",
      "9x19",
      "高概率出现",
      "3gms",
      "电子干扰器 |5.56*45",
      "图纸3号"
    ],
    "files": [
      "20260612_222108_游戏内.png",
      "20260612_222445_游戏内.png",
      "20260613_094134_游戏内.png",
      "20260613_094434_游戏内.png",
      "20260613_094521_游戏内.png",
      "20260613_094521_游戏内.png",
      "20260613_095136_游戏内.png",
      "20260613_095138_游戏内.png",
      "20260613_095211_游戏内.png",
      "20260613_095323_游戏内.png"
    ]
  }
}